{"mean":{"confidence_interval":{"confidence_level":0.95,"lower_bound":42.45608996243352,"upper_bound":43.28893134874576},"point_estimate":42.86064749165244,"standard_error":0.2126146714101284},"median":{"confidence_interval":{"confidence_level":0.95,"lower_bound":41.76759465173105,"upper_bound":42.9722913177571},"point_estimate":42.28546378621695,"standard_error":0.29778461648287213},"median_abs_dev":{"confidence_interval":{"confidence_level":0.95,"lower_bound":1.4620181448188918,"upper_bound":2.465857443150877},"point_estimate":2.061441494212941,"standard_error":0.25049583664752545},"slope":{"confidence_interval":{"confidence_level":0.95,"lower_bound":42.491953499349606,"upper_bound":43.50347941814156},"point_estimate":42.98496361165497,"standard_error":0.2584211374444087},"std_dev":{"confidence_interval":{"confidence_level":0.95,"lower_bound":1.7687288144846258,"upper_bound":2.454312909008153},"point_estimate":2.1347094298410503,"standard_error":0.17479705335748763}}