{"mean":{"confidence_interval":{"confidence_level":0.95,"lower_bound":42.507181057211305,"upper_bound":44.67893392499782},"point_estimate":43.55263742222366,"standard_error":0.5544868136566884},"median":{"confidence_interval":{"confidence_level":0.95,"lower_bound":40.16705468374198,"upper_bound":40.937563800794194},"point_estimate":40.28638508398375,"standard_error":0.39532372135044974},"median_abs_dev":{"confidence_interval":{"confidence_level":0.95,"lower_bound":0.1290316407130099,"upper_bound":1.3144927830796131},"point_estimate":0.3469042104199264,"standard_error":0.571847078681082},"slope":{"confidence_interval":{"confidence_level":0.95,"lower_bound":40.441297138713445,"upper_bound":40.7258562204386},"point_estimate":40.57253861100342,"standard_error":0.07267449388407483},"std_dev":{"confidence_interval":{"confidence_level":0.95,"lower_bound":4.388730105819128,"upper_bound":6.528847394713539},"point_estimate":5.586507487176046,"standard_error":0.5461138204151978}}