{"mean":{"confidence_interval":{"confidence_level":0.95,"lower_bound":41.96340750015497,"upper_bound":42.68744447067154},"point_estimate":42.31617831753549,"standard_error":0.1845758074489528},"median":{"confidence_interval":{"confidence_level":0.95,"lower_bound":41.43481637571493,"upper_bound":42.464738329420456},"point_estimate":41.81905916983325,"standard_error":0.2805630959579396},"median_abs_dev":{"confidence_interval":{"confidence_level":0.95,"lower_bound":1.3762581342713247,"upper_bound":2.2369085254727192},"point_estimate":1.8438006036816752,"standard_error":0.22001770564326034},"slope":{"confidence_interval":{"confidence_level":0.95,"lower_bound":41.952343880185765,"upper_bound":43.087861313811636},"point_estimate":42.501766121003186,"standard_error":0.2897394488875422},"std_dev":{"confidence_interval":{"confidence_level":0.95,"lower_bound":1.5146000349266826,"upper_bound":2.162830180910141},"point_estimate":1.8562466279381142,"standard_error":0.1661300279037546}}