{"mean":{"confidence_interval":{"confidence_level":0.95,"lower_bound":40.99546448462815,"upper_bound":41.74687151836129},"point_estimate":41.339312497578796,"standard_error":0.1934932231619038},"median":{"confidence_interval":{"confidence_level":0.95,"lower_bound":40.7038961463096,"upper_bound":41.246929589893966},"point_estimate":41.0622051323921,"standard_error":0.12542610371823945},"median_abs_dev":{"confidence_interval":{"confidence_level":0.95,"lower_bound":0.6592183401381917,"upper_bound":1.1015422120145304},"point_estimate":0.9739065697921993,"standard_error":0.11896847646234891},"slope":{"confidence_interval":{"confidence_level":0.95,"lower_bound":40.365287531601346,"upper_bound":40.62470172918744},"point_estimate":40.48142317092487,"standard_error":0.06616906252799759},"std_dev":{"confidence_interval":{"confidence_level":0.95,"lower_bound":1.0979320634616556,"upper_bound":2.638017117549532},"point_estimate":1.9452216946578826,"standard_error":0.40984746384797544}}