{"mean":{"confidence_interval":{"confidence_level":0.95,"lower_bound":42.228554960061324,"upper_bound":42.71003486764275},"point_estimate":42.449921293952315,"standard_error":0.12306994825656854},"median":{"confidence_interval":{"confidence_level":0.95,"lower_bound":42.01440269145236,"upper_bound":42.226441874691375},"point_estimate":42.08223430496602,"standard_error":0.0683994465498745},"median_abs_dev":{"confidence_interval":{"confidence_level":0.95,"lower_bound":0.37424180503845206,"upper_bound":0.675178385316423},"point_estimate":0.512138794829302,"standard_error":0.0830966283805885},"slope":{"confidence_interval":{"confidence_level":0.95,"lower_bound":42.10017467133513,"upper_bound":42.80922120755357},"point_estimate":42.39842389545466,"standard_error":0.1857694111684864},"std_dev":{"confidence_interval":{"confidence_level":0.95,"lower_bound":0.7297584920122773,"upper_bound":1.6765598723101687},"point_estimate":1.2368466855551168,"standard_error":0.24224235311997522}}